{"31PaivanData":{"keskiarvo":31.935215053763446,"minimi":8.9,"korkein":66.5},"SeisamanPaivanData":{"keskiarvo":38.953333333333354,"minimi":10.48,"korkein":66.5}}